Workbook

Sheet Instructions
A1: Week 4: Forecasting – Quantitative Approaches (Hands-on)
A3: This template supports Moving Average, Weighted Moving Average, and Exponential Smoothing.
A4: Adjust WMA weights in Forecasts!D4:F4 (sum=1).
A5: Adjust α in Forecasts!D5.
A6: Initial ES forecast (Forecasts!D6) defaults to Data!B5 (first actual).
A7: Check Summary rows for MAD, MSE, MAPE.

Sheet Data
A1: Starbucks Annual Revenue (USD millions)
A3: Year | B3: Revenue (USD millions)
A5: 1991 | B5: 57.7
A6: 1992 | B6: 93.1
A7: 1993 | B7: 176.5
A8: 1994 | B8: 284.9
A9: 1995 | B9: 465.2
A10: 1996 | B10: 696.5
A11: 1997 | B11: 967
A12: 1998 | B12: 1308.7
A13: 1999 | B13: 1680.1
A14: 2000 | B14: 2169.2
A15: 2001 | B15: 2649
A16: 2002 | B16: 3288.9
... A38: 2024 | B38: 36176.2

Sheet Forecasts
A1: Controls
A3: WMA Weights (most recent first): | D3: w1 (t-1) | E3: w2 (t-2) | F3: w3 (t-3) | G3: Sum Check
D4: 0.5 | E4: 0.3 | F4: 0.2 | G4: =D4+E4+F4 -> 1
A5: Exponential Smoothing α: | D5: 0.3
A6: Initial ES Forecast: | D6: =Data!B5 -> 57.7
A8: Year | B8: Actual Revenue | C8: 3-yr Moving Avg (MA) | D8: MA Error | E8: MA |Et| | F8: MA Et^2 | G8: MA APE | H8: 3-term WMA | I8: WMA Error | J8: WMA |Et| | K8: WMA Et^2 | L8: WMA APE | M8: ES (α) | N8: ES Error | O8: ES |Et| | P8: ES Et^2 | Q8: ES APE
A9: =Data!A5 -> 1991 | B9: =Data!B5 -> 57.7 | D9: =IF(C9="","",B9-C9) | E9: =IF(C9="","",ABS(D9)) | F9: =IF(C9="","",D9^2) | G9: =IF(OR(C9="",B9=0),"",ABS(D9)/B9) | I9: =IF(H9="","",B9-H9) | J9: =IF(H9="","",ABS(I9)) | K9: =IF(H9="","",I9^2) | L9: =IF(OR(H9="",B9=0),"",ABS(I9)/B9) | M9: =D6 -> 57.7 | N9: =B9-M9 -> 0 | O9: =ABS(N9) -> 0 | P9: =N9^2 -> 0 | Q9: =IF(B9=0,"",ABS(N9)/B9) -> 0
A10: =Data!A6 -> 1992 | B10: =Data!B6 -> 93.1 | D10: =IF(C10="","",B10-C10) | E10: =IF(C10="","",ABS(D10)) | F10: =IF(C10="","",D10^2) | G10: =IF(OR(C10="",B10=0),"",ABS(D10)/B10) | I10: =IF(H10="","",B10-H10) | J10: =IF(H10="","",ABS(I10)) | K10: =IF(H10="","",I10^2) | L10: =IF(OR(H10="",B10=0),"",ABS(I10)/B10) | M10: =$D$5*B9+(1-$D$5)*M9 -> 57.7 | N10: =B10-M10 -> 35.4 | O10: =ABS(N10) -> 35.4 | P10: =N10^2 -> 1253.16 | Q10: =IF(B10=0,"",ABS(N10)/B10) -> 0.38023631
A11: =Data!A7 -> 1993 | B11: =Data!B7 -> 176.5 | D11: =IF(C11="","",B11-C11) | E11: =IF(C11="","",ABS(D11)) | F11: =IF(C11="","",D11^2) | G11: =IF(OR(C11="",B11=0),"",ABS(D11)/B11) | I11: =IF(H11="","",B11-H11) | J11: =IF(H11="","",ABS(I11)) | K11: =IF(H11="","",I11^2) | L11: =IF(OR(H11="",B11=0),"",ABS(I11)/B11) | M11: =$D$5*B10+(1-$D$5)*M10 -> 68.32 | N11: =B11-M11 -> 108.18 | O11: =ABS(N11) -> 108.18 | P11: =N11^2 -> 11702.912 | Q11: =IF(B11=0,"",ABS(N11)/B11) -> 0.61291785
A12: =Data!A8 -> 1994 | B12: =Data!B8 -> 284.9 | C12: =AVERAGE(B9:B11) -> 109.1 | D12: =IF(C12="","",B12-C12) -> 175.8 | E12: =IF(C12="","",ABS(D12)) -> 175.8 | F12: =IF(C12="","",D12^2) -> 30905.64 | G12: =IF(OR(C12="",B12=0),"",ABS(D12)/B12) -> 0.61705862 | H12: =$D$4*B11+$E$4*B10+$F$4*B9 -> 127.72 | I12: =IF(H12="","",B12-H12) -> 157.18 | J12: =IF(H12="","",ABS(I12)) -> 157.18 | K12: =IF(H12="","",I12^2) -> 24705.552 | L12: =IF(OR(H12="",B12=0),"",ABS(I12)/B12) -> 0.55170235 | M12: =$D$5*B11+(1-$D$5)*M11 -> 100.774 | N12: =B12-M12 -> 184.126 | O12: =ABS(N12) -> 184.126 | P12: =N12^2 -> 33902.384 | Q12: =IF(B12=0,"",ABS(N12)/B12) -> 0.64628291
A13: =Data!A9 -> 1995 | B13: =Data!B9 -> 465.2 | C13: =AVERAGE(B10:B12) -> 184.83333 | D13: =IF(C13="","",B13-C13) -> 280.36667 | E13: =IF(C13="","",ABS(D13)) -> 280.36667 | F13: =IF(C13="","",D13^2) -> 78605.468 | G13: =IF(OR(C13="",B13=0),"",ABS(D13)/B13) -> 0.60267985 | H13: =$D$4*B12+$E$4*B11+$F$4*B10 -> 214.02 | I13: =IF(H13="","",B13-H13) -> 251.18 | J13: =IF(H13="","",ABS(I13)) -> 251.18 | K13: =IF(H13="","",I13^2) -> 63091.392 | L13: =IF(OR(H13="",B13=0),"",ABS(I13)/B13) -> 0.53993981 | M13: =$D$5*B12+(1-$D$5)*M12 -> 156.0118 | N13: =B13-M13 -> 309.1882 | O13: =ABS(N13) -> 309.1882 | P13: =N13^2 -> 95597.343 | Q13: =IF(B13=0,"",ABS(N13)/B13) -> 0.664635
A14: =Data!A10 -> 1996 | B14: =Data!B10 -> 696.5 | C14: =AVERAGE(B11:B13) -> 308.86667 | D14: =IF(C14="","",B14-C14) -> 387.63333 | E14: =IF(C14="","",ABS(D14)) -> 387.63333 | F14: =IF(C14="","",D14^2) -> 150259.6 | G14: =IF(OR(C14="",B14=0),"",ABS(D14)/B14) -> 0.55654463 | H14: =$D$4*B13+$E$4*B12+$F$4*B11 -> 353.37 | I14: =IF(H14="","",B14-H14) -> 343.13 | J14: =IF(H14="","",ABS(I14)) -> 343.13 | K14: =IF(H14="","",I14^2) -> 117738.2 | L14: =IF(OR(H14="",B14=0),"",ABS(I14)/B14) -> 0.49264896 | M14: =$D$5*B13+(1-$D$5)*M13 -> 248.76826 | N14: =B14-M14 -> 447.73174 | O14: =ABS(N14) -> 447.73174 | P14: =N14^2 -> 200463.71 | Q14: =IF(B14=0,"",ABS(N14)/B14) -> 0.64283093
A15: =Data!A11 -> 1997 | B15: =Data!B11 -> 967 | C15: =AVERAGE(B12:B14) -> 482.2 | D15: =IF(C15="","",B15-C15) -> 484.8 | E15: =IF(C15="","",ABS(D15)) -> 484.8 | F15: =IF(C15="","",D15^2) -> 235031.04 | G15: =IF(OR(C15="",B15=0),"",ABS(D15)/B15) -> 0.50134436 | H15: =$D$4*B14+$E$4*B13+$F$4*B12 -> 544.79 | I15: =IF(H15="","",B15-H15) -> 422.21 | J15: =IF(H15="","",ABS(I15)) -> 422.21 | K15: =IF(H15="","",I15^2) -> 178261.28 | L15: =IF(OR(H15="",B15=0),"",ABS(I15)/B15) -> 0.43661841 | M15: =$D$5*B14+(1-$D$5)*M14 -> 383.08778 | N15: =B15-M15 -> 583.91222 | O15: =ABS(N15) -> 583.91222 | P15: =N15^2 -> 340953.48 | Q15: =IF(B15=0,"",ABS(N15)/B15) -> 0.6038389
A16: =Data!A12 -> 1998 | B16: =Data!B12 -> 1308.7 | C16: =AVERAGE(B13:B15) -> 709.56667 | D16: =IF(C16="","",B16-C16) -> 599.13333 | E16: =IF(C16="","",ABS(D16)) -> 599.13333 | F16: =IF(C16="","",D16^2) -> 358960.75 | G16: =IF(OR(C16="",B16=0),"",ABS(D16)/B16) -> 0.457808 | H16: =$D$4*B15+$E$4*B14+$F$4*B13 -> 785.49 | I16: =IF(H16="","",B16-H16) -> 523.21 | J16: =IF(H16="","",ABS(I16)) -> 523.21 | K16: =IF(H16="","",I16^2) -> 273748.7 | L16: =IF(OR(H16="",B16=0),"",ABS(I16)/B16) -> 0.39979369 | M16: =$D$5*B15+(1-$D$5)*M15 -> 558.26145 | N16: =B16-M16 -> 750.43855 | O16: =ABS(N16) -> 750.43855 | P16: =N16^2 -> 563158.02 | Q16: =IF(B16=0,"",ABS(N16)/B16) -> 0.5734229
A17: =Data!A13 -> 1999 | B17: =Data!B13 -> 1680.1 | C17: =AVERAGE(B14:B16) -> 990.73333 | D17: =IF(C17="","",B17-C17) -> 689.36667 | E17: =IF(C17="","",ABS(D17)) -> 689.36667 | F17: =IF(C17="","",D17^2) -> 475226.4 | G17: =IF(OR(C17="",B17=0),"",ABS(D17)/B17) -> 0.41031288 | H17: =$D$4*B16+$E$4*B15+$F$4*B14 -> 1083.75 | I17: =IF(H17="","",B17-H17) -> 596.35 | J17: =IF(H17="","",ABS(I17)) -> 596.35 | K17: =IF(H17="","",I17^2) -> 355633.32 | L17: =IF(OR(H17="",B17=0),"",ABS(I17)/B17) -> 0.35494911 | M17: =$D$5*B16+(1-$D$5)*M16 -> 783.39301 | N17: =B17-M17 -> 896.70699 | O17: =ABS(N17) -> 896.70699 | P17: =N17^2 -> 804083.42 | Q17: =IF(B17=0,"",ABS(N17)/B17) -> 0.53372239
A18: =Data!A14 -> 2000 | B18: =Data!B14 -> 2169.2 | C18: =AVERAGE(B15:B17) -> 1318.6 | D18: =IF(C18="","",B18-C18) -> 850.6 | E18: =IF(C18="","",ABS(D18)) -> 850.6 | F18: =IF(C18="","",D18^2) -> 723520.36 | G18: =IF(OR(C18="",B18=0),"",ABS(D18)/B18) -> 0.39212613 | H18: =$D$4*B17+$E$4*B16+$F$4*B15 -> 1426.06 | I18: =IF(H18="","",B18-H18) -> 743.14 | J18: =IF(H18="","",ABS(I18)) -> 743.14 | K18: =IF(H18="","",I18^2) -> 552257.06 | L18: =IF(OR(H18="",B18=0),"",ABS(I18)/B18) -> 0.34258713 | M18: =$D$5*B17+(1-$D$5)*M17 -> 1052.4051 | N18: =B18-M18 -> 1116.7949 | O18: =ABS(N18) -> 1116.7949 | P18: =N18^2 -> 1247230.8 | Q18: =IF(B18=0,"",ABS(N18)/B18) -> 0.51484183
A19: =Data!A15 -> 2001 | B19: =Data!B15 -> 2649 | C19: =AVERAGE(B16:B18) -> 1719.3333 | D19: =IF(C19="","",B19-C19) -> 929.66667 | E19: =IF(C19="","",ABS(D19)) -> 929.66667 | F19: =IF(C19="","",D19^2) -> 864280.11 | G19: =IF(OR(C19="",B19=0),"",ABS(D19)/B19) -> 0.35095004 | H19: =$D$4*B18+$E$4*B17+$F$4*B16 -> 1850.37 | I19: =IF(H19="","",B19-H19) -> 798.63 | J19: =IF(H19="","",ABS(I19)) -> 798.63 | K19: =IF(H19="","",I19^2) -> 637809.88 | L19: =IF(OR(H19="",B19=0),"",ABS(I19)/B19) -> 0.30148358 | M19: =$D$5*B18+(1-$D$5)*M18 -> 1387.4436 | N19: =B19-M19 -> 1261.5564 | O19: =ABS(N19) -> 1261.5564 | P19: =N19^2 -> 1591524.6 | Q19: =IF(B19=0,"",ABS(N19)/B19) -> 0.47623874
A20: =Data!A16 -> 2002 | B20: =Data!B16 -> 3288.9 | C20: =AVERAGE(B17:B19) -> 2166.1 | D20: =IF(C20="","",B20-C20) -> 1122.8 | E20: =IF(C20="","",ABS(D20)) -> 1122.8 | F20: =IF(C20="","",D20^2) -> 1260679.8 | G20: =IF(OR(C20="",B20=0),"",ABS(D20)/B20) -> 0.34139074 | H20: =$D$4*B19+$E$4*B18+$F$4*B17 -> 2311.28 | I20: =IF(H20="","",B20-H20) -> 977.62 | J20: =IF(H20="","",ABS(I20)) -> 977.62 | K20: =IF(H20="","",I20^2) -> 955740.86 | L20: =IF(OR(H20="",B20=0),"",ABS(I20)/B20) -> 0.29724832 | M20: =$D$5*B19+(1-$D$5)*M19 -> 1765.9105 | N20: =B20-M20 -> 1522.9895 | O20: =ABS(N20) -> 1522.9895 | P20: =N20^2 -> 2319497 | Q20: =IF(B20=0,"",ABS(N20)/B20) -> 0.46306957
A21: =Data!A17 -> 2003 | B21: =Data!B17 -> 4075.5 | C21: =AVERAGE(B18:B20) -> 2702.3667 | D21: =IF(C21="","",B21-C21) -> 1373.1333 | E21: =IF(C21="","",ABS(D21)) -> 1373.1333 | F21: =IF(C21="","",D21^2) -> 1885495.2 | G21: =IF(OR(C21="",B21=0),"",ABS(D21)/B21) -> 0.33692389 | H21: =$D$4*B20+$E$4*B19+$F$4*B18 -> 2872.99 | I21: =IF(H21="","",B21-H21) -> 1202.51 | J21: =IF(H21="","",ABS(I21)) -> 1202.51 | K21: =IF(H21="","",I21^2) -> 1446030.3 | L21: =IF(OR(H21="",B21=0),"",ABS(I21)/B21) -> 0.29505828 | M21: =$D$5*B20+(1-$D$5)*M20 -> 2222.8074 | N21: =B21-M21 -> 1852.6926 | O21: =ABS(N21) -> 1852.6926 | P21: =N21^2 -> 3432470 | Q21: =IF(B21=0,"",ABS(N21)/B21) -> 0.45459272
A22: =Data!A18 -> 2004 | B22: =Data!B18 -> 5294.3 | C22: =AVERAGE(B19:B21) -> 3337.8 | D22: =IF(C22="","",B22-C22) -> 1956.5 | E22: =IF(C22="","",ABS(D22)) -> 1956.5 | F22: =IF(C22="","",D22^2) -> 3827892.3 | G22: =IF(OR(C22="",B22=0),"",ABS(D22)/B22) -> 0.36954838 | H22: =$D$4*B21+$E$4*B20+$F$4*B19 -> 3554.22 | I22: =IF(H22="","",B22-H22) -> 1740.08 | J22: =IF(H22="","",ABS(I22)) -> 1740.08 | K22: =IF(H22="","",I22^2) -> 3027878.4 | L22: =IF(OR(H22="",B22=0),"",ABS(I22)/B22) -> 0.32867046 | M22: =$D$5*B21+(1-$D$5)*M21 -> 2778.6151 | N22: =B22-M22 -> 2515.6849 | O22: =ABS(N22) -> 2515.6849 | P22: =N22^2 -> 6328670.3 | Q22: =IF(B22=0,"",ABS(N22)/B22) -> 0.47516855
A23: =Data!A19 -> 2005 | B23: =Data!B19 -> 6369.3 | C23: =AVERAGE(B20:B22) -> 4219.5667 | D23: =IF(C23="","",B23-C23) -> 2149.7333 | E23: =IF(C23="","",ABS(D23)) -> 2149.7333 | F23: =IF(C23="","",D23^2) -> 4621353.4 | G23: =IF(OR(C23="",B23=0),"",ABS(D23)/B23) -> 0.33751485 | H23: =$D$4*B22+$E$4*B21+$F$4*B20 -> 4527.58 | I23: =IF(H23="","",B23-H23) -> 1841.72 | J23: =IF(H23="","",ABS(I23)) -> 1841.72 | K23: =IF(H23="","",I23^2) -> 3391932.6 | L23: =IF(OR(H23="",B23=0),"",ABS(I23)/B23) -> 0.28915579 | M23: =$D$5*B22+(1-$D$5)*M22 -> 3533.3206 | N23: =B23-M23 -> 2835.9794 | O23: =ABS(N23) -> 2835.9794 | P23: =N23^2 -> 8042779.1 | Q23: =IF(B23=0,"",ABS(N23)/B23) -> 0.44525763
... A42: =Data!A38 -> 2024 | B42: =Data!B38 -> 36176.2 | C42: =AVERAGE(B39:B41) -> 32428.833 | D42: =IF(C42="","",B42-C42) -> 3747.3667 | E42: =IF(C42="","",ABS(D42)) -> 3747.3667 | F42: =IF(C42="","",D42^2) -> 14042757 | G42: =IF(OR(C42="",B42=0),"",ABS(D42)/B42) -> 0.10358652 | H42: =$D$4*B41+$E$4*B40+$F$4*B39 -> 33475.01 | I42: =IF(H42="","",B42-H42) -> 2701.19 | J42: =IF(H42="","",ABS(I42)) -> 2701.19 | K42: =IF(H42="","",I42^2) -> 7296427.4 | L42: =IF(OR(H42="",B42=0),"",ABS(I42)/B42) -> 0.074667599 | M42: =$D$5*B41+(1-$D$5)*M41 -> 29601.681 | N42: =B42-M42 -> 6574.519 | O42: =ABS(N42) -> 6574.519 | P42: =N42^2 -> 43224300 | Q42: =IF(B42=0,"",ABS(N42)/B42) -> 0.18173603
B44: Summary: | C44: MA | H44: WMA | M44: ES
B45: MAD | C45: =AVERAGE(E9:E42) -> 2344.9301 | H45: =AVERAGE(J9:J42) -> 2052.8545 | M45: =AVERAGE(O9:O42) -> 3089.8369
B46: MSE | C46: =AVERAGE(F9:F42) -> 8664802.5 | H46: =AVERAGE(K9:K42) -> 6610918.5 | M46: =AVERAGE(P9:P42) -> 15695466
B47: MAPE | C47: =AVERAGE(G9:G42) -> 0.27627321 | H47: =AVERAGE(L9:L42) -> 0.24173902 | M47: =AVERAGE(Q9:Q42) -> 0.36523728
